Sample:,Sex,group,Eotaxin, G-CSF,GM-CSF,IFN-g,IL-1a,IL-1b,IL-2,IL-3,IL-4,IL-5,IL-6,IL-9,IL-10,IL-12(p40) ,IL-12(p70) ,IL-13,IL-17a,KC,MCP-1,MIP-1a,MIP-1b,RANTES,TNF-a
April 23_MN65_001.fcs,Male,Naive,357.72,32.43,27.39,5.76,7.65,3.87,5.35,1.19,2.63,3,1.39,5.87,16.34,479.94,2.32,58.35,13.08,36.23,159.14,2.2,45.35,34.22,36.88
April 23_MN66_002.fcs,Male,Naive,411.81,51.8,41.37,8.58,7.51,3.71,7.76,3.03,3.28,5.95,2,9.38,19.68,568.18,2.32,69.88,15.51,32.58,185.14,2.41,51.18,45.96,59.5
April 24_MN67_001.fcs,Male,Naive,480.99,57.45,29.1,6.59,6.95,3.4,9.87,1.79,2.7,3.99,1.55,6.39,18.57,499.27,2.32,54.47,11.48,31.52,209.42,2.7,44.52,36.27,49.2
April 24_MN68_002.fcs,Male,Naive,428.44,53.41,35.47,12.59,7.79,4.5,10.91,2.75,3.86,5.3,1.55,11.34,24.04,393.81,2.32,77.45,16.46,39.86,197.47,2.27,49.54,34.27,67.77
April 25_MN69_001.fcs,Male,Naive,203.11,72.82,44.18,2.63,10.29,5.63,31,1.25,1.58,1.34,3.86,3.29,28.32,991.18,33.6,73.67,0.29,75.52,60.43,3.27,63.67,69.23,16.5
April 25_MN70_002.fcs,Male,Naive,274.73,61.49,38.47,7.91,5.26,4.02,8.82,2.2,3.28,3.99,0.68,6.39,19.68,545.97,2.32,84.94,21.47,37.28,145.32,2.98,29.96,27,47.14
April 26_MN71_001.fcs,Male,Naive,402.65,86.58,42.78,13.09,14.54,4.66,12.98,4.01,4.3,5.79,4.7,15.66,18.57,520.63,2.32,107.04,24,39.6,232.36,3.34,72.49,64.92,79.16
April 26_MN72_002.fcs,Male,Naive,367.24,60.69,62.08,16.62,6.25,5.3,15.54,4.57,5.33,10.18,4.94,18.52,40.79,535.27,13.31,132.24,32.51,38.04,280.29,3.59,73.88,57.4,93.7
April 23_MV73_003.fcs,Male,Vehicle,328,59.88,13.8,3.28,3.11,3.24,4.54,1.12,1.85,3.99,0.44,1.09,14.07,578.51,2.32,30.39,14.32,33.63,98.9,1.55,17.12,27,38.93
April 23_MV74_004.fcs,Male,Vehicle,350.14,71.2,29.1,5.26,3.54,2.94,3.44,2.07,2.13,2.34,0.89,4.34,5.75,400.87,2.32,42.61,21.23,30.46,145.32,1.4,25.94,25.93,57.44
April 24_MV75_003.fcs,Male,Vehicle,347.17,53.41,41.37,9.91,4.12,4.02,10.91,3.03,3.86,3.33,0.44,10.37,28.32,310.97,2.32,84.94,21.23,35.72,178.82,3.49,51.18,25.93,55.38
April 24_MV76_004.fcs,Male,Vehicle,469.35,66.34,32.36,7.91,6.67,4.34,6.7,2.2,3.42,4.97,0.57,5.37,19.68,345.3,2.32,69.88,17.77,30.46,159.14,3.84,66.66,32.23,55.38
April 25_MV77_003.fcs,Male,Vehicle,502.94,63.11,54.74,16.62,10.57,4.5,19.09,5.56,6.68,7.25,1.11,22.73,28.32,278.3,24.05,114.3,22.43,43.95,285.38,5.69,93.09,53.36,96.81
April 25_MV78_004.fcs,Male,Vehicle,382.69,56.64,13.8,3.61,1.18,2.18,1.16,0.6,1.3,0.67,0.44,1.51,2.16,360.14,2.32,21.96,20.87,16.25,98.9,2.63,17.12,25.93,18.53
April 26_MV79_003.fcs,Male,Vehicle,587.79,63.11,57.24,17.12,15.83,5.63,18.08,5.42,5.71,8.56,3.28,18.52,33.56,475.99,10.11,144.65,34.21,39.35,285.38,4.42,86.42,87.94,95.77
April 26_MV80_004.fcs,Male,Vehicle,277.07,36.47,29.1,5.59,10.15,3.4,6.17,1.73,2.99,3.33,1.56,5.87,19.63,609.56,2.32,66.05,13.61,23.48,143.9,1.91,33.73,39.24,40.98
April 23_MA81_005.fcs,Male,PFOA 0.166,397.76,50.99,8.74,4.6,2.38,2.18,0.76,0.09,0.76,0.51,0.26,2.21,7,437.78,2.32,21.96,20.04,24.57,60.43,1.55,37.49,23.75,28.7
April 23_MA82_006.fcs,Male,PFOA 0.166,306.1,45.34,1.41,1.97,2.38,2.48,1.16,0.34,0.76,1.34,0.44,1.51,3.17,466.92,2.32,21.96,9.13,20.73,71.01,0.68,12.06,16.88,14.48
April 24_MA83_005.fcs,Male,PFOA 0.166,616.96,103.61,38.47,7.58,5.54,3.4,8.82,3.03,3.28,3.99,1.55,5.37,19.68,401.65,2.32,69.88,16.69,31.52,203.49,2.41,57.54,34.27,55.38
April 24_MA84_006.fcs,Male,PFOA 0.166,321.04,38.48,22.78,6.59,8.63,3.4,5.09,1.73,2.92,3.33,1.39,12.31,19.68,451.57,2.32,50.53,11.01,32.58,123.11,1.84,44.52,33.25,38.93
April 25_MA86_005.fcs,Male,PFOA 0.166,N/A,N/A,N/A,N/A,N/A,N/A,N/A,N/A,N/A,N/A,N/A,N/A,N/A,N/A,N/A,N/A,N/A,N/A,N/A,N/A,N/A,N/A,N/A
April 26_MA87_005.fcs,Male,PFOA 0.166,744.81,22.12,51.91,7.13,1.28,3.86,3.45,0.85,2.05,2.11,0.55,5.48,20.14,475.08,2.32,66.1,54.58,33.29,9.16,4.52,76.73,60.84,46.36
April 26_MA88_006.fcs,Male,PFOA 0.166,793.97,27.27,2.61,2.17,0.3,3.32,0.76,0.26,1.16,2.11,1.61,1.51,4.37,465.46,2.32,25.38,6.82,12.76,9.16,1.34,49.53,31.47,12.74
April 26_MA88_006.fcs,Male,PFOA 0.166,N/A,N/A,N/A,N/A,N/A,N/A,N/A,N/A,N/A,N/A,N/A,N/A,N/A,N/A,N/A,N/A,N/A,N/A,N/A,N/A,N/A,N/A,N/A
April 23_MA89_007.fcs,Male,PFOA 0.5,380.56,38.08,18.13,4.77,7.23,3.25,3.99,0.8,2.14,3,0.07,4.33,14.64,795.09,2.32,46.53,4.37,26.73,130.37,1.37,23.82,23.75,28.7
April 23_MA90_008.fcs,Male,PFOA 0.5,501.01,48.57,44.18,6.25,7.23,4.66,11.43,2.75,3.86,5.3,0.89,15.2,24.04,340.61,2.32,84.94,12.66,21.84,172.39,2.55,68.13,42.15,55.38
April 24_MA91_007.fcs,Male,PFOA 0.5,521.62,29.2,8.74,0.68,3.25,2.18,25.09,1.39,2.13,1.34,0.44,2.21,2.16,422.85,2.32,21.96,8.43,19.62,9.16,0.9,33.8,25.93,22.59
April 24_MA92_008.fcs,Male,PFOA 0.5,692.61,19.55,15.4,4.66,3.1,2.26,0.76,0.33,0.65,1.62,2.77,25.52,8.57,1595.52,2.32,25.38,11.11,20.25,9.16,1.34,72.44,35.28,4.11
April 25_MA93_006.fcs,Male,PFOA 0.5,420.1,36.87,25.58,7.25,3.68,3.56,5.07,1.26,2.63,3,0.58,4.08,16.31,313.31,2.32,50.53,28.23,28.87,137.28,2.63,27.75,31.1,40.99
April 25_MA94_007.fcs,Male,PFOA 0.5,665.24,48.57,29.1,6.59,3.25,3.09,7.76,0.86,2.13,1.34,0.26,2.21,14.07,216.29,2.32,38.58,21.71,21.84,98.9,4.13,41.06,44.06,38.93
April 26_MA95_007.fcs,Male,PFOA 0.5,370.16,45.34,20.09,3.62,5.26,3.4,2.88,1.66,1.72,1.01,0.79,37.64,13.39,297.74,2.32,48.57,5.71,16.25,115.41,1.33,43.29,42.58,30.75
April 26_MA96_008.fcs,Male,PFOA 0.5,490.69,35.65,1.41,0.04,1.78,1.59,0.76,0.34,0.5,0.51,0.44,1.51,2.16,402.44,2.32,21.96,3.34,6.79,9.16,0.82,23.85,34.27,10.45
April 23_MA97_009.fcs,Male,PFOA 1,581.55,50.54,15.4,0.92,2.75,2.52,0.76,0.33,0.99,2.11,2.18,2.75,2.16,427.04,2.32,25.38,10.52,27.38,9.16,1.11,63.59,105.4,12.74
April 23_MA98_010.fcs,Male,PFOA 1,448.6,29.2,13.8,3.61,1.48,1.88,0.76,0.34,0.76,1.34,0.16,1.51,3.17,511.92,2.32,13.17,16.22,22.93,80.84,1.11,54.39,37.27,14.48
April 23_MA99_010.fcs,Male,PFOA 1,EN,EN,EN,EN,EN,EN,EN,EN,EN,EN,EN,EN,EN,EN,EN,EN,EN,EN,EN,EN,EN,EN,EN
April 24_MA100_009.fcs,Male,PFOA 1,536.61,37.59,36.47,4.66,7.86,3.32,6.23,1.36,1.33,4.08,2.47,13.02,16.39,585.89,2.32,52.94,8.76,27.38,9.16,2.95,97.22,35.28,38.03
April 25_MA101_008.fcs,Male,PFOA 1,271.72,27.59,13.8,6.59,3.54,2.78,5.63,1.39,1.85,2.01,0.44,2.75,3.17,331.24,2.32,30.39,0.21,21.29,115.41,1.98,57.54,23.75,38.93
April 25_MA102_009.fcs,Male,PFOA 1,1405.23,30.82,32.36,7.91,1.48,3.24,5.63,3.03,1.58,3.99,0.26,7.4,15.21,245.7,2.32,54.47,42.67,25.11,115.41,2.27,69.59,42.15,105.13
April 26_MA103_009.fcs,Male,PFOA 1,446.32,30.01,32.36,5.92,4.98,3.71,6.7,1.93,2.7,4.64,1.33,6.39,15.21,335.93,2.32,69.88,14.56,18.51,130.8,2.27,60.63,42.15,38.93
April 26_MA104_010.fcs,Male,PFOA 1,540.26,63.11,8.74,3.94,2.96,2.48,2.32,1.12,1.3,0.67,0.44,6.39,8.21,373.44,2.32,38.58,15.03,15.11,98.9,1.69,51.18,38.26,30.74
April 23_MA105_011.fcs,Male,PFOA 1.5,430.71,40.18,8.74,0.81,2.86,2.15,1.74,0.86,0.84,2.39,1.37,2.75,11.89,974.41,2.32,11.78,14.13,26.32,98.9,1.23,99.4,29.52,9.3
April 23_MA106_012.fcs,Male,PFOA 1.5,350.47,42.11,2.61,0.67,0.3,1.88,0.76,0.09,0.76,2.01,0.44,1.51,2.16,360.93,2.32,6.26,1.31,11.63,9.16,0.38,6.05,14.45,1.79
April 23_MA107_012.fcs,Male,PFOA 1.5,N/A,N/A,N/A,N/A,N/A,N/A,N/A,N/A,N/A,N/A,N/A,N/A,N/A,N/A,N/A,N/A,N/A,N/A,N/A,N/A,N/A,N/A,N/A
April 24_MA108_010.fcs,Male,PFOA 1.5,N/A,N/A,N/A,N/A,N/A,N/A,N/A,N/A,N/A,N/A,N/A,N/A,N/A,N/A,N/A,N/A,N/A,N/A,N/A,N/A,N/A,N/A,N/A
April 25_MA109_010.fcs,Male,PFOA 1.5,385.3,82.53,117.23,23.37,12.97,8.62,52.47,7.93,9.35,15.02,8.12,51.14,62.7,826.71,62.19,363.53,21.65,69.72,413.39,5.87,133.26,145.36,151.08
April 25_MA110_011.fcs,Male,PFOA 1.5,271.51,63.52,38.27,9.25,5.19,4.27,10.39,2.48,3.43,3.66,2.24,16.57,25.1,389.58,2.32,88.59,16.46,31.25,172.14,2.49,67.28,34.25,56.44
April 26_MA111_011.fcs,Male,PFOA 1.5,438.05,27.27,15.4,2.17,6.03,3.32,0.76,0.07,0.99,0.51,1.61,14.63,4.37,369.51,2.32,39.43,11.11,19.21,9.16,1.8,93.23,49.44,17
April 26_MA112_012.fcs,Male,PFOA 1.5,389.58,42.51,15.97,5.1,3.4,3.25,5.9,0.93,1.85,4.64,0.44,2.75,14.64,479.94,2.32,54.41,6.1,17.95,85.47,1.3,59.03,57.86,22.6
April 23_MS113_013.fcs,Male,PFOS 0.166,497.02,47.95,87.6,18.84,18.99,6.59,23.18,7.3,5.15,11.02,5.55,27.04,41.41,502.74,30.96,176.2,18.2,46.58,398.67,6.3,105.03,65.52,120.35
April 23_MS114_014.fcs,Male,PFOS 0.166,521.62,23.56,25.68,6.25,2.96,4.34,6.7,1.39,3.28,2.67,0.44,3.29,3.17,209.33,2.32,62.22,11.25,11.63,159.14,4.91,68.13,25.93,38.93
April 24_MS115_011.fcs,Male,PFOS 0.166,799.77,55.03,35.47,9.25,8.63,3.71,8.82,3.31,4.15,3.99,0.57,10.37,19.68,268.98,2.32,62.22,15.27,24.02,159.14,4.91,91.77,36.27,63.63
April 24_MS116_012.fcs,Male,PFOS 0.166,674.74,38.88,25.68,3.28,7.65,3.4,6.7,1.39,2.13,2.67,0.44,6.39,10.6,251.91,2.32,54.47,10.66,22.93,115.41,1.98,51.18,28.07,38.93
April 25_MS117_012.fcs,Male,PFOS 0.166,502.3,58.26,64.47,11.25,5.83,6.28,23.1,5.28,6.83,10.5,2.92,19.46,30.43,301.63,2.32,153.45,16.93,36.76,275.19,4.56,73.92,36.27,86.42
April 25_MS118_013.fcs,Male,PFOS 0.166,317.39,40.49,13.8,4.6,2.08,2.48,2.32,0.6,1.58,2.01,0.44,31.04,0.28,255.78,2.32,46.59,3.57,12.8,60.43,1.4,17.12,16.88,18.53
April 26_MS119_013.fcs,Male,PFOS 0.166,771.54,38.08,29.02,6.92,7.72,2.94,3.7,1.8,2.49,1.84,0.44,6.64,24.03,686.21,2.32,50.53,8.73,20.18,98.13,2.34,82.3,68.35,38.93
April 26_MS120_014.fcs,Male,PFOS 0.166,609.01,53.14,36.47,9.61,7.26,4.4,0.27,1.88,2.8,5.07,2.18,19.36,8.57,425.84,2.32,78.97,15.24,29.37,9.16,2.03,127.47,57.66,38.03
April 23_MS121_015.fcs,Male,PFOS 0.5,274.26,53.41,15.97,4.27,4.55,3.25,2.32,0.86,1.85,2.34,0.27,13.04,5.69,412.65,2.32,26.18,4.48,21.83,75.27,1.26,58.31,26.96,19.55
April 23_MS122_016.fcs,Male,PFOS 0.5,446.97,34.85,44.18,9.25,8.07,4.66,10.91,3.87,4.15,5.95,1.11,19.93,19.68,286.07,2.32,114.3,24.6,29.4,209.42,1.91,65.17,34.27,76.05
April 24_MS123_013.fcs,Male,PFOS 0.5,326.01,64.73,18.13,2.63,3.83,2.48,2.32,0.6,1.3,2.01,0.44,46.44,7,325,2.32,38.58,11.48,15.11,80.84,1.4,25.94,19.24,18.53
April 24_MS124_014.fcs,Male,PFOS 0.5,371.53,19.54,13.8,3.94,4.12,2.78,5.63,1.52,2.13,3.33,0.44,8.39,10.6,319.55,2.32,38.58,12.9,18.51,60.43,1.69,33.8,25.93,30.74
April 25_MS125_014.fcs,Male,PFOS 0.5,198.32,17.93,2.61,1.32,0.57,2.78,1.16,0.09,1.03,0.67,0.44,8.39,3.17,356.23,2.32,46.59,7.96,9.24,35.53,0.38,6.05,11.92,10.45
April 25_MS126_014.fcs,Male,PFOS 0.5,N/A,N/A,N/A,N/A,N/A,N/A,N/A,N/A,N/A,N/A,N/A,N/A,N/A,N/A,N/A,N/A,N/A,N/A,N/A,N/A,N/A,N/A,N/A
April 26_MS127_015.fcs,Male,PFOS 0.5,521.63,44.93,20.09,3.94,5.54,3.4,2.88,0.67,2.07,2.01,0.26,1.09,11.71,509.55,2.32,58.24,6.1,22.39,111.36,1.33,41.01,51.51,22.6
April 26_MS128_016.fcs,Male,PFOS 0.5,450.38,209.14,22.78,8.08,10.43,3.48,5.35,1.8,1.85,2.84,9.3,5.3,12.93,290.35,2.32,69.88,30.45,25.11,130.8,1.62,52.58,44.06,59.51
April 23_MS129_017.fcs,Male,PFOS 1,240.95,67.96,1.41,0.68,2.53,2.33,1.16,0.26,0.5,1.68,0.44,1.51,1.73,343.35,2.32,3.63,5.01,9.84,35.53,0.68,1.55,15.67,12.47
April 23_MS130_018.fcs,Male,PFOS 1,516.47,36.46,29.1,5.26,5.26,3.4,7.76,1.12,3.86,9.85,0.44,6.39,12.93,298.52,2.32,69.88,7.96,27.26,159.14,1.4,44.52,28.07,30.74
April 24_MS131_015.fcs,Male,PFOS 1,253.25,34.04,8.74,1.32,2.67,2.48,3.44,0.86,1.85,1.68,0.44,1.51,5.75,267.42,2.32,46.59,3.57,16.25,35.53,1.11,17.12,16.88,18.53
April 24_MS132_016.fcs,Male,PFOS 1,523.59,23.35,11.55,38.47,3.08,1.69,2.59,1.02,1.27,2.32,0.8,60.32,3.27,303.19,2.32,19.04,6.87,29.29,9.16,1.35,227.24,26.46,22.25
April 25_MS133_015.fcs,Male,PFOS 1,N/A,N/A,N/A,N/A,N/A,N/A,N/A,N/A,N/A,N/A,N/A,N/A,N/A,N/A,N/A,N/A,N/A,N/A,N/A,N/A,N/A,N/A,N/A
April 25_MS134_016.fcs,Male,PFOS 1,348.56,21.96,8.74,1.32,0.41,2.18,0.76,0.09,0.5,0.51,0.44,1.51,1.04,232.54,2.32,13.17,9.84,24.02,35.53,0.46,33.8,11.19,7.47
April 26_MS135_017.fcs,Male,PFOS 1,N/A,N/A,N/A,N/A,N/A,N/A,N/A,N/A,N/A,N/A,N/A,N/A,N/A,N/A,N/A,N/A,N/A,N/A,N/A,N/A,N/A,N/A,N/A
April 26_MS136_018.fcs,Male,PFOS 1,687.53,30.13,33.43,8.13,9.78,3.3,12.17,2.18,1.82,10.51,1.21,8.55,17.86,468.41,2.32,87.31,12.31,24.24,105.49,1.18,69.93,60.34,34.77
April 23_MS137_019.fcs,Male,PFOS 1.5,1143.86,29.84,51.91,10.84,2.75,3.86,11.37,1.88,2.05,5.07,1.47,6.35,23.81,357.53,2.32,78.97,51.35,44.72,302.52,2.72,108.87,65.52,54.66
April 23_MS138_020.fcs,Male,PFOS 1.5,297.18,36.93,2.61,2.56,0.96,2.09,2.59,0.83,0.74,0.12,0.51,2.06,2.16,452.1,2.32,29.57,3.37,14.41,9.16,1,54.33,29.23,9.56
April 24_MS139_017.fcs,Male,PFOS 1.5,286.59,46.15,5.67,1.49,0.57,2.18,1.16,0.09,1.03,2.67,0.78,1.51,10.48,348.87,2.32,13.17,11.19,18.5,89.87,0.75,21.01,6.37,14.48
April 24_MS140_018.fcs,Male,PFOS 1.5,372.06,39.85,20.37,3.03,2.58,3.09,2.59,0.64,1.82,2.32,1,2.06,6.43,533.79,2.32,29.57,3.37,30.72,9.16,1.35,66.9,37.08,15.93
April 25_MS141_017.fcs,Male,PFOS 1.5,413.02,47.65,20.37,3.03,5.44,2.89,4.67,1.41,1,N/A,0.32,2.06,9.41,495.62,2.32,39.71,7.45,23.5,9.16,1.44,60.72,31.91,22.25
April 25_MS142_018.fcs,Male,PFOS 1.5,417.94,43.75,20.37,4.42,3.57,3.71,2.59,0.83,2.1,1.58,1.64,9.77,6.43,341.89,2.32,39.71,2.79,20.53,9.16,1.35,60.72,37.08,15.93
April 26_MS143_019.fcs,Male,PFOS 1.5,188.73,40.5,2.61,0.68,2.08,2.63,0.76,0.26,0.9,0.67,0.44,13.28,2.16,325.78,2.32,13.17,1.76,8.64,35.53,0.5,9.06,26.44,4.46
April 26_MS144_020.fcs,Male,PFOS 1.5,368.64,35.01,15.4,2.17,0.3,2.79,0.76,0.85,1.87,1.13,1.47,6.35,4.37,407.85,2.32,39.43,4.11,10.52,9.16,1.11,44.57,46.03,12.74
July 8_FN145_001.fcs,Female,Naive,919.71,90.78,12.96,13.59,11.97,1.13,10.96,3.21,2.71,7.37,0.66,20.66,40.44,381.23,15.66,81.25,19.45,31.44,220.5,2.64,25.99,59.71,52.19
July 8_FN146_002.fcs,Female,Naive,616.81,51.76,4.02,7.05,5.24,1.13,5.96,2.16,0.22,5.03,0.66,2.52,26.84,408.52,2.72,23.4,19.84,19.68,9.76,3.15,3.22,75.14,34.3
July 9_FN147_026.fcs,Female,Naive,1573.89,57.2,12.96,67.78,5.66,1.67,10.96,2.71,3.09,3.77,0.66,278.89,81.84,483.94,30.61,46.62,25.2,33.63,201.02,3.91,153.3,122.63,40.64
July 9_FN148_027.fcs,Female,Naive,N/A,N/A,N/A,N/A,N/A,N/A,N/A,N/A,N/A,N/A,N/A,N/A,N/A,N/A,N/A,N/A,N/A,N/A,N/A,N/A,N/A,N/A,N/A
July 10_FN149_050.fcs,Female,Naive,524.6,64.25,4.02,5.29,1.01,3.67,0.41,0.36,0.22,3.16,0.66,2.52,28.66,462.87,2.72,1.85,7.21,21.45,201.02,0.48,3.22,58.05,18.54
July 10_FN150_051.fcs,Female,Naive,571.98,45.48,4.02,5.67,4.73,1.13,0.55,2.16,0.48,3.39,0.66,2.52,38.21,549.73,2.72,31.93,15.35,21.56,9.76,0.95,3.22,75.14,24.72
July 11_FN151_074.fcs,Female,Naive,593.5,152.67,49.26,12.09,6.61,1.13,9.42,3.21,3.83,7.37,0.66,20.66,51.47,533.55,17.91,90.5,11.79,30.88,238.37,2.5,73.83,99.19,48.31
July 11_FN152_075.fcs,Female,Naive,802.81,91.69,84.66,17.85,12.23,7.61,20.95,5.88,4.54,10.02,0.66,35.62,75.35,545.23,31.63,129.94,26.15,42,361.95,4.03,97.31,108.89,80.05
July 8_FV153_003.fcs,Female,Vehicle,1057.42,42.24,4.02,7.05,0.35,1.13,1.06,0.36,0.22,1.72,0.66,2.52,26.84,357.73,2.72,2.47,17.23,20.63,9.76,1.47,3.22,65.68,34.3
July 8_FV154_004.fcs,Female,Vehicle,464.02,47.08,4.02,11.88,5.72,1.13,10.45,6.7,1.62,6.64,0.66,95.23,32.64,389.52,11.12,69.14,15.54,25.17,239.16,3.15,3.22,60.64,44.13
July 9_FV155_028.fcs,Female,Vehicle,655.95,91.69,88.73,18.54,12.75,15.83,18.2,7.11,4.36,9.44,0.66,39.51,65.37,379.87,26.5,150.74,22.88,37.37,435.59,4.39,86.51,106.51,84.12
July 9_FV156_029.fcs,Female,Vehicle,2035.01,140.16,4.02,14.05,2.45,1.13,3.48,30.49,1.28,5.03,0.66,2.52,73.35,631.23,17.77,39.95,35.96,33.5,165.97,3.7,134.7,132.25,128.56
July 10_FV157_052.fcs,Female,Vehicle,527.03,101.57,4.02,9.73,6.92,1.13,7.84,4.59,2.51,5.58,0.66,2.52,40.44,382.59,17.91,85.9,6.63,26.31,201.02,1.61,3.22,66.12,40.64
July 10_FV158_053.fcs,Female,Vehicle,806.86,90.78,4.02,9.73,4.99,1.67,4.47,2.71,1.89,2.85,0.66,2.52,46.03,334.47,10.9,41.25,14.6,25.13,154.55,1.28,3.22,69.2,33.1
July 11_FV159_076.fcs,Female,Vehicle,N/A,N/A,N/A,N/A,N/A,N/A,N/A,N/A,N/A,N/A,N/A,N/A,N/A,N/A,N/A,N/A,N/A,N/A,N/A,N/A,N/A,N/A,N/A
July 11_FV160_077.fcs,Female,Vehicle,756.55,98.01,57.59,17.16,7.23,5.17,18.89,6.71,4.19,4.98,0.66,34.6,65.37,446.99,28.57,112.78,11.51,29.76,285.36,3.42,52.22,80.81,54.15
July 8_FA161_005.fcs,Female,PFOA 0.166,727.34,94.41,122.34,27.62,17.21,15.83,32.72,12.85,6.89,14.95,0.66,64.25,112.76,449.64,66.39,213.81,32.11,48.45,490.86,7.62,110.3,99.19,129.93
July 8_FA162_006.fcs,Female,PFOA 0.166,457.54,35.46,4.02,5.67,2.45,1.13,0.55,1.3,0.22,1.72,0.66,2.52,32.64,372.26,2.72,23.4,10.2,17.72,9.76,0.95,3.22,46.77,24.72
July 9_FA163_030.fcs,Female,PFOA 0.166,N/A,N/A,N/A,N/A,N/A,N/A,N/A,N/A,N/A,N/A,N/A,N/A,N/A,N/A,N/A,N/A,N/A,N/A,N/A,N/A,N/A,N/A,N/A
July 9_FA164_031.fcs,Female,PFOA 0.166,1895.02,57.8,4.02,4.14,0.88,1.13,1.06,0.36,0.22,1.72,0.66,127.29,6.66,372.26,2.72,2.47,3.22,21.56,9.76,0.3,3.22,43.7,24.72
July 10_FA165_054.fcs,Female,PFOA 0.166,N/A,N/A,N/A,N/A,N/A,N/A,N/A,N/A,N/A,N/A,N/A,N/A,N/A,N/A,N/A,N/A,N/A,N/A,N/A,N/A,N/A,N/A,N/A
July 10_FA166_055.fcs,Female,PFOA 0.166,633.24,77.8,4.02,8.06,6.14,1.13,2.61,2.71,0.96,4.38,0.66,2.52,30.69,404.23,8.34,51.86,6.19,27.48,154.55,0.2,57.47,56.35,23.91
July 11_FA167_078.fcs,Female,PFOA 0.166,740.72,247.94,4.02,10.54,5.98,1.13,6.19,3.21,1.89,9.73,0.66,2.52,68.73,396.13,14.5,41.25,15.72,29.76,220.5,1.77,77.24,62.96,36.85
July 11_FA168_079.fcs,Female,PFOA 0.166,590.26,81.56,4.02,5.29,3.55,1.13,0.41,0.97,0.22,2.54,0.66,2.52,28.66,511.42,2.72,17.55,8.66,18.88,9.76,0.3,52.22,66.12,15.04
July 8_FA169_007.fcs,Female,PFOA 0.5,355.6,38.9,4.02,0.75,0.35,1.13,1.06,6.7,0.22,0.86,0.66,2.52,14.13,447.82,2.72,9.1,5.67,10.02,9.76,0.3,3.22,37.14,29.47
July 8_FA170_008.fcs,Female,PFOA 0.5,324.14,37.66,4.02,0.75,0.66,1.13,1.06,0.36,0.22,0.64,0.66,2.52,10.6,449.64,2.72,1.85,2.1,14.76,9.76,0.71,3.22,4.57,5.07
July 9_FA171_032.fcs,Female,PFOA 0.5,740.53,24.24,4.02,2.32,0.35,1.13,1.06,0.36,0.22,0.86,0.66,2.52,20.72,412.29,2.72,9.1,6.87,18.71,9.76,0.26,3.22,37.14,22.37
July 9_FA172_033.fcs,Female,PFOA 0.5,698.94,75.9,4.02,9.73,3.74,1.13,7.84,0.97,2.31,4.98,0.66,2.52,44.19,574.96,8.34,524.62,9.8,33.09,179.37,2.36,3.22,51.08,29.39
July 10_FA173_056.fcs,Female,PFOA 0.5,614.59,99.79,57.59,11.32,8.98,1.67,16.8,4.14,1.89,10.9,0.66,20.66,58.51,541.34,24.4,81.25,22.88,28.63,220.5,2.91,80.47,78,56.1
July 10_FA174_057.fcs,Female,PFOA 0.5,499.1,33.69,4.02,2.32,5.24,1.13,0.55,1.3,0.22,3.8,0.66,2.52,20.72,492.85,2.72,9.1,10,18.71,9.76,0.95,3.22,43.7,20.05
July 11_FA175_080.fcs,Female,PFOA 0.5,881.55,60.25,37.96,13.59,4.11,1.13,6.19,3.21,2.31,4.38,0.66,17,51.47,324.7,15.66,81.25,16.55,25.13,201.02,2.64,57.47,69.2,40.64
July 11_FA176_081.fcs,Female,PFOA 0.5,435.06,78.74,4.02,5.29,7.53,1.13,2.61,1.91,0.96,3.77,0.66,2.52,32.69,486.56,2.72,29.96,7.5,18.88,124.48,2.36,3.22,69.2,22.1
July 8_FA177_009.fcs,Female,PFOA 1,500.28,79.68,80.29,14.32,8.69,6.45,24.31,5.88,4.36,20.11,0.66,29.02,75.35,418.33,32.64,117.12,16,36.84,338.25,3.79,66.32,78,78.03
July 8_FA178_010.fcs,Female,PFOA 1,574.86,101.57,4.02,7.18,5.33,1.13,7.84,2.19,0.36,5.58,0.66,2.52,40.44,530.3,2.72,41.25,9.52,31.99,179.37,1.61,77.24,80.81,23.91
July 9_FA179_034.fcs,Female,PFOA 1,N/A,N/A,N/A,N/A,N/A,N/A,N/A,N/A,N/A,N/A,N/A,N/A,N/A,N/A,N/A,N/A,N/A,N/A,N/A,N/A,N/A,N/A,N/A
July 9_FA180_035.fcs,Female,PFOA 1,824.31,57.8,4.02,8.34,3.66,8.6,0.55,4.28,0.22,6.64,0.66,2.52,38.21,519.16,14.54,23.4,25.39,34.3,677.5,2.76,107.3,37.14,54.19
July 10_FA181_058.fcs,Female,PFOA 1,520.95,93.5,4.02,12.85,4.65,1.67,10.19,3.68,2.31,6.18,0.66,20.66,40.44,553.64,17.91,61.99,17.94,30.88,238.37,2.91,106.92,27.85,50.25
July 10_FA182_059.fcs,Female,PFOA 1,484.89,169,102.8,20.22,14.65,15.02,27.59,8.69,7.21,14.67,0.66,45.7,85.04,401.53,48.36,182.84,20.97,48.45,435.59,6.8,135.23,96.68,104.71
July 11_FA183_082.fcs,Female,PFOA 1,424.94,80.62,4.02,5.29,2.75,1.13,4.47,1.62,0.22,4.38,0.66,2.52,30.69,550.41,2.72,29.96,6.92,25.13,82.87,0.2,68.3,56.35,20.31
July 11_FA184_083.fcs,Female,PFOA 1,292.18,45.56,4.02,0.75,0.35,1.13,1.06,0.36,0.22,1.29,0.66,2.52,10.6,560.76,2.72,1.85,1.13,10.15,9.76,1.1,3.22,45.48,8.28
July 8_FA185_011.fcs,Female,PFOA 1.5,619.51,83.01,4.02,7.05,5.72,1.13,5.96,2.16,1.28,5.03,0.66,2.52,63.81,625.96,2.72,39.95,22.44,29.44,206.06,2.76,105.17,68.11,39.19
July 8_FA186_012.fcs,Female,PFOA 1.5,792.25,63.26,4.02,4.25,0.35,1.13,2.61,0.36,0.22,6.18,0.66,2.52,44.19,461.55,2.72,17.55,10.09,20.18,154.55,0.71,57.47,72.2,22.1
July 9_FA187_036.fcs,Female,PFOA 1.5,760.2,72.07,4.02,7.18,5.33,1.13,4.47,2.19,0.36,5.58,0.66,2.52,47.86,926.16,17.91,1.85,13.06,25.13,124.48,2.64,99.8,66.12,34.97
July 9_FA188_037.fcs,Female,PFOA 1.5,665.68,77.8,4.02,4.25,1.01,1.13,2.61,0.97,0.22,4.38,0.66,2.52,40.44,437.69,2.72,17.55,14.18,28.06,82.87,1.45,77.24,52.87,22.1
July 10_FA189_060.fcs,Female,PFOA 1.5,800.37,113,102.8,19.55,14.27,11.6,28.89,8.69,6.89,13.8,0.66,52.86,100.66,681.3,46.43,190.68,18.07,43.52,395.03,7.01,114.64,84.93,96.42
July 10_FA190_061.fcs,Female,PFOA 1.5,654.08,59.28,4.02,4.14,0.24,1.13,1.06,0.36,0.48,9.04,0.66,2.52,166.1,451.53,2.72,2.47,6.47,17.72,9.76,1.93,3.22,65.68,29.47
July 11_FA191_084.fcs,Female,PFOA 1.5,710.3,207.34,4.02,6.26,1.84,1.13,0.41,0.36,0.22,4.98,0.66,2.52,44.19,516.64,2.72,17.55,5.74,9.3,9.76,1.45,38.24,75.13,18.54
July 11_FA192_085.fcs,Female,PFOA 1.5,980.63,82.49,4.02,5.29,0.66,1.13,0.41,1.31,0.68,3.77,0.66,29.02,38.54,694.04,2.72,17.55,6.04,22.7,82.87,0.71,89.35,78,18.54
July 9_FS195_038.fcs,Female,PFOS 0.166,820.66,125.05,92.54,21.88,14.65,10.67,22.3,9.66,5.57,9.73,0.66,54.37,91.36,519.9,48.36,150.74,22.06,39.45,350.29,7.01,104.61,99.19,96.42
July 8_FS193_013.fcs,Female,PFOS 0.166,1081.37,67.21,49.26,18.54,10.09,1.13,9.42,4.14,3.09,7.96,0.66,31.35,61.96,559.46,31.63,71.77,20.69,31.99,201.02,4.03,73.83,83.57,60.04
July 8_FS194_014.fcs,Female,PFOS 0.166,855.13,118.6,4.02,12.98,6.88,1.13,12.56,4.91,3.61,7.84,0.66,22.67,56.43,445.96,7.38,95.69,25.02,31.9,239.16,4.56,61.41,90.23,59.28
July 9_FS196_039.fcs,Female,PFOS 0.166,569.99,73.04,75.54,18.2,11.71,14.2,22.3,8.69,5.9,10.31,0.66,43.13,88.21,596.85,50.29,150.74,29.27,36.31,373.28,6.59,73.83,106.51,84.12
July 10_FS197_062.fcs,Female,PFOS 0.166,806.05,68.19,4.02,9.73,5.49,1.13,6.19,2.19,2.1,6.18,0.66,2.52,47.86,478.68,15.66,41.25,20.69,26.31,201.02,2.36,52.22,69.2,42.55
July 10_FS198_063.fcs,Female,PFOS 0.166,516.09,58.22,4.02,4.78,5.33,1.13,2.61,1.62,0.68,2.54,0.66,2.52,32.69,421.01,2.72,29.96,7.5,16.17,82.87,1.45,3.22,62.96,25.72
July 11_FS199_086.fcs,Female,PFOS 0.166,752.49,68.19,70.3,16.11,12.23,9.71,23.64,7.51,5.57,7.96,0.66,35.62,72.06,382.59,35.65,117.12,17.66,38.41,299.42,4.85,70.21,95.42,71.98
July 11_FS200_087.fcs,Female,PFOS 0.166,871.4,165.76,96.14,20.56,16.37,12.49,31.45,9.08,6.72,13.22,0.66,55.11,92.92,503.59,42.55,134.15,27.24,44.02,384.3,7.21,104.61,120.4,108.88
July 8_FS201_015.fcs,Female,PFOS 0.5,EN,EN,EN,EN,EN,EN,EN,EN,EN,EN,EN,EN,EN,EN,EN,EN,EN,EN,EN,EN,EN,EN,EN
July 8_FS202_015.fcs,Female,PFOS 0.5,604.93,51.76,4.02,4.14,1.74,1.13,1.06,0.36,0.22,0.86,0.66,2.52,14.13,360.64,2.72,23.4,10.39,17.72,9.76,0.3,3.22,43.7,15.48
July 9_FS203_040.fcs,Female,PFOS 0.5,1263.1,66.51,4.02,10.74,5.24,1.13,7.12,2.16,2.52,5.84,0.66,2.52,56.43,564.02,7.38,69.14,12.31,23.39,165.97,3.52,3.22,77.39,39.19
July 9_FS204_041.fcs,Female,PFOS 0.5,792.25,158.41,4.02,8.06,3.93,1.13,4.47,2.19,1.21,6.18,0.66,2.52,51.47,402.88,10.9,41.25,19.18,16.17,154.55,2.91,25.99,75.13,44.46
July 10_FS205_064.fcs,Female,PFOS 0.5,424.13,60.25,4.02,6.72,5.66,1.13,7.84,3.68,1.89,5.88,0.66,2.52,42.33,355.93,5.54,81.25,10.94,22.7,179.37,2.07,3.22,52.87,40.64
July 10_FS206_065.fcs,Female,PFOS 0.5,419.27,85.27,119.82,9.32,11.84,1.13,22.3,4.59,0.96,53.83,10.24,2.52,34.67,521.85,8.34,81.25,29.81,22.7,167.44,1.45,92.09,102.88,92.3
July 11_FS207_088.fcs,Female,PFOS 0.5,764.66,82.49,92.54,21.88,14.27,11.6,22.3,9.47,5.73,9.73,0.66,41.35,81.84,536.15,58.85,142.5,29.68,39.96,325.8,7.21,94.74,111.24,88.2
July 11_FS208_089.fcs,Female,PFOS 0.5,643.38,125.05,80.29,16.82,10.91,7.61,20.95,6.5,4.88,10.9,0.66,44.85,76.98,524.45,42.55,108.41,21.38,34.17,350.29,5.85,85.05,86.28,80.05
July 8_FS209_016.fcs,Female,PFOS 1,424.94,45.56,4.02,6.26,5.33,1.13,10.96,4.59,0.68,6.18,0.66,2.52,36.62,427.02,2.72,71.77,7.79,22.7,124.48,1.45,3.22,56.35,29.39
July 8_FS210_017.fcs,Female,PFOS 1,N/A,N/A,N/A,N/A,N/A,N/A,N/A,N/A,N/A,N/A,N/A,N/A,N/A,N/A,N/A,N/A,N/A,N/A,N/A,N/A,N/A,N/A,N/A
July 9_FS211_042.fcs,Female,PFOS 1,207.27,79.68,4.02,3.1,1.84,1.13,0.41,0.36,0.22,2.54,0.66,2.52,26.59,587.2,2.72,10.53,7.94,15.47,9.76,0.3,3.22,41.51,15.04
July 9_FS212_043.fcs,Female,PFOS 1,819.45,133.06,4.02,8.34,0.35,1.13,1.06,1.3,0.48,5.03,0.66,2.52,32.64,618.92,2.72,23.4,18.35,30.27,360.79,4.39,3.22,65.68,20.05
July 10_FS213_066.fcs,Female,PFOS 1,525.81,68.19,4.02,7.18,8.12,1.13,4.47,2.71,0.36,4.98,0.66,35.62,42.33,473.42,2.15,51.86,11.51,18.88,154.55,3.17,46.06,72.2,33.1
July 10_FS214_067.fcs,Female,PFOS 1,538.38,95.31,4.02,1.74,2.75,1.13,0.41,0.97,0.68,3.16,0.66,2.52,20.13,534.85,2.72,29.96,8.66,17.55,82.87,1.1,3.22,56.35,18.54
July 11_FS215_090.fcs,Female,PFOS 1,356.11,36.49,4.02,1.74,0.35,1.13,1.06,0.36,0.36,1.92,0.66,2.52,20.13,468.15,2.72,1.85,3.34,13.29,9.76,0.48,3.22,11.8,13.31
July 11_FS216_091.fcs,Female,PFOS 1,754.92,52,4.02,6.26,1.31,1.13,2.61,2.19,0.96,5.58,0.66,2.52,58.51,521.85,8.34,17.55,3.95,14.76,124.48,0.71,3.22,80.81,29.39
July 8_FS217_018.fcs,Female,PFOS 1.5,N/A,N/A,N/A,N/A,N/A,N/A,N/A,N/A,N/A,N/A,N/A,N/A,N/A,N/A,N/A,N/A,N/A,N/A,N/A,N/A,N/A,N/A,N/A
July 8_FS218_019.fcs,Female,PFOS 1.5,543.24,43.35,4.02,4.25,0.35,1.13,1.06,0.36,0.22,2.54,0.66,2.52,44.19,481.31,2.72,17.55,8.94,16.17,9.76,0.3,3.22,69.2,22.1
July 9_FS219_044.fcs,Female,PFOS 1.5,442.76,112.13,4.02,12.85,0.35,1.67,10.96,4.14,3.09,5.58,0.66,12.19,60.24,499.67,34.65,41.25,12.36,21.45,254.99,3.91,83.56,88.94,44.46
July 9_FS220_045.fcs,Female,PFOS 1.5,925.8,90.78,4.02,9.73,7.82,1.13,9.42,3.68,1.89,5.58,0.66,2.52,44.19,482.63,10.9,51.86,9.8,26.31,201.02,2.07,62.11,75.13,36.85
July 10_FS221_068.fcs,Female,PFOS 1.5,416.9,30.29,4.02,1.59,7.17,1.13,50.45,2.48,2.58,4.76,0.66,2.52,15.34,403.37,2.72,51.5,23.52,17.89,327.56,2.88,3.22,79.56,36.93
July 10_FS222_069.fcs,Female,PFOS 1.5,946.17,51.08,4.02,5.52,0.35,1.13,37.16,1.7,0.19,3.2,0.66,2.52,29.55,703.4,2.72,9.1,10.61,17.89,211.97,1.61,3.22,114.68,16.49
July 11_FS223_092.fcs,Female,PFOS 1.5,527.43,58.22,4.02,10.54,2.75,1.13,9.42,3.45,2.31,9.73,0.66,8.62,46.03,492.47,16.79,41.25,10.66,25.13,238.37,2.91,70.21,88.94,52.19
July 11_FS224_093.fcs,Female,PFOS 1.5,915.65,58.22,4.02,8.91,4.65,1.13,7.84,2.19,1.89,5.28,0.66,2.52,44.19,517.94,2.72,29.96,6.33,23.93,190.51,2.07,3.22,69.2,36.85
